{
  "todos": [
    {
      "id": 1,
      "name": "死豆",
      "done": true
    },
    {
      "name": "打死豆豆",
      "done": true,
      "id": 4
    },
    {
      "name": "学习2分钟",
      "done": true,
      "id": 7
    }
  ],
  "comments": [
    {
      "id": 1,
      "author": "刘德华",
      "comment": "给我一杯忘情水",
      "time": "2021-11-10T01:09:00.000Z",
      "attitude": 1
    },
    {
      "id": 2,
      "author": "周杰伦",
      "comment": "哎哟，不错哦",
      "time": "2021-10-11T01:09:00.000Z",
      "attitude": 0
    },
    {
      "id": 3,
      "author": "五月天",
      "comment": "不打扰，是我的温柔",
      "time": "2021-12-11T02:09:00.000Z",
      "attitude": -1
    }
  ]
}
